{
    "camera_mtx": [
        [
            1263.5730124049276,
            0.0,
            644.53494979311
        ],
        [
            0.0,
            1256.2133183478963,
            364.9974632530489
        ],
        [
            0.0,
            0.0,
            1.0
        ]
    ],
    "camera_dist": [
        [
            0.16116237038410938,
            -3.001305375495314,
            -0.016874006492347052,
            0.0013056765746982742,
            9.8523666583203
        ]
    ]
}