{
    "camera_mtx": [
        [
            1206.9341140043518,
            0.0,
            639.6678066515536
        ],
        [
            0.0,
            1199.2536940967657,
            352.2863375246564
        ],
        [
            0.0,
            0.0,
            1.0
        ]
    ],
    "camera_dist": [
        [
            0.2654914425954908,
            -4.220392857673591,
            -0.015790362401209384,
            -0.0007809824175755416,
            15.477233164770098
        ]
    ]
}