{
    "camera_mtx": [
        [
            1103.8521069247909,
            0.0,
            642.6748245669443
        ],
        [
            0.0,
            1103.9666358540728,
            305.0764312206009
        ],
        [
            0.0,
            0.0,
            1.0
        ]
    ],
    "camera_dist": [
        [
            0.04414939059599634,
            -0.8918903634722104,
            -0.003456244972870639,
            0.0024664967399201133,
            2.1853773525326265
        ]
    ]
}