{
    "camera_mtx": [
        [
            1226.2328042790575,
            0.0,
            596.395540653181
        ],
        [
            0.0,
            1224.8210900454949,
            393.11463125478906
        ],
        [
            0.0,
            0.0,
            1.0
        ]
    ],
    "camera_dist": [
        [
            -0.33719176987263616,
            0.07728876055499408,
            -0.0032307115384485365,
            0.003256188987383329,
            0.20497759915843417
        ]
    ]
}