{
    "camera_mtx": [
        [
            1130.8317644278056,
            0.0,
            757.8894359311278
        ],
        [
            0.0,
            1130.8647681248485,
            361.283491207045
        ],
        [
            0.0,
            0.0,
            1.0
        ]
    ],
    "camera_dist": [
        [
            -0.39907242129978576,
            0.6764844998668408,
            -0.00398397447868143,
            -0.006518137122281697,
            -1.0971906555035116
        ]
    ]
}