{
    "camera_mtx": [
        [
            641.8906399130109,
            0.0,
            619.2225037756797
        ],
        [
            0.0,
            645.2599578555129,
            366.8078882620234
        ],
        [
            0.0,
            0.0,
            1.0
        ]
    ],
    "camera_dist": [
        [
            -0.02832032400391287,
            -0.04854634637519181,
            -0.0016732882085292952,
            0.005470640538118861,
            0.028650721561925094
        ]
    ]
}