{
    "camera_mtx": [
        [
            697.0650024414062,
            0,
            664.3300170898438
        ],
        [
            0,
            697.0650024414062,
            351.6520080566406
        ],
        [
            0,
            0,
            1
        ]
    ],
    "camera_dist": [
        [
            -0.1716659963130951,
            0.02638630010187626,
            -0.0010645899455994368,
            0.0006085599889047444,
            0.0
        ]
    ]
}